{"cameraMode":{"drawMode":0,"name":"Shaded","section":"Shading Mode"},"sceneLighting":false,"audioPlay":false,"sceneViewState":{"m_AlwaysRefresh":false,"showFog":true,"showSkybox":false,"showFlares":true,"showImageEffects":true,"showParticleSystems":true,"showVisualEffectGraphs":true,"m_FxEnabled":true},"in2DMode":false,"pivot":{"x":0.005326032638549805,"y":0.6293087005615234,"z":-0.004514098167419434},"rotation":{"x":0.1664307564496994,"y":0.6047853827476502,"z":-0.13129587471485139,"w":0.7677080631256104},"size":2.544835090637207,"orthographic":false}