{"cameraMode":{"drawMode":0,"name":"Shaded","section":"Shading Mode"},"sceneLighting":false,"audioPlay":false,"sceneViewState":{"m_AlwaysRefresh":false,"showFog":true,"showSkybox":false,"showFlares":true,"showImageEffects":true,"showParticleSystems":true,"showVisualEffectGraphs":true,"m_FxEnabled":true},"in2DMode":false,"pivot":{"x":-0.051186397671699527,"y":1.2547227144241334,"z":0.04891291260719299},"rotation":{"x":-0.03428124636411667,"y":0.963463306427002,"z":-0.21838468313217164,"w":-0.15123885869979859},"size":0.662507176399231,"orthographic":false}