{"cameraMode":{"drawMode":0,"name":"Shaded","section":"Shading Mode"},"sceneLighting":true,"audioPlay":false,"sceneViewState":{"m_AlwaysRefresh":false,"showFog":true,"showSkybox":true,"showFlares":true,"showImageEffects":true,"showParticleSystems":true,"showVisualEffectGraphs":true,"m_FxEnabled":true},"in2DMode":false,"pivot":{"x":-4.634117126464844,"y":-19.988237380981447,"z":-178.43960571289063},"rotation":{"x":-0.0006081813480705023,"y":-0.9989083409309387,"z":0.05159240588545799,"w":0.0010984912514686585},"size":98.07464599609375,"orthographic":false}