{"cameraMode":{"drawMode":0,"name":"Shaded","section":"Shading Mode"},"sceneLighting":true,"audioPlay":false,"sceneViewState":{"m_AlwaysRefresh":false,"showFog":true,"showSkybox":true,"showFlares":true,"showImageEffects":true,"showParticleSystems":true,"showVisualEffectGraphs":true,"m_FxEnabled":true},"in2DMode":false,"pivot":{"x":1.3469380140304566,"y":-0.44395947456359866,"z":14.951369285583496},"rotation":{"x":0.20114482939243318,"y":0.7966268658638,"z":-0.36791643500328066,"w":0.43581101298332217},"size":11.57875919342041,"orthographic":false}