{"cameraMode":{"drawMode":0,"name":"Shaded","section":"Shading Mode"},"sceneLighting":true,"audioPlay":false,"sceneViewState":{"m_AlwaysRefresh":false,"showFog":true,"showSkybox":true,"showFlares":true,"showImageEffects":true,"showParticleSystems":true,"showVisualEffectGraphs":true,"m_FxEnabled":true},"in2DMode":false,"pivot":{"x":4.138552188873291,"y":3.9193034172058107,"z":-4.000115871429443},"rotation":{"x":-0.0061864666640758518,"y":-0.9945601224899292,"z":0.0737876370549202,"w":-0.07481583207845688},"size":1.4374929666519166,"orthographic":false}