{"cameraMode":{"drawMode":0,"name":"Shaded","section":"Shading Mode"},"sceneLighting":true,"audioPlay":false,"sceneViewState":{"m_AlwaysRefresh":false,"showFog":true,"showSkybox":true,"showFlares":true,"showImageEffects":true,"showParticleSystems":true,"showVisualEffectGraphs":true,"m_FxEnabled":true},"in2DMode":false,"pivot":{"x":-187.88079833984376,"y":5.828943729400635,"z":-8.234742164611817},"rotation":{"x":0.006568651180714369,"y":-0.08733571320772171,"z":0.0006909399526193738,"w":0.9963269829750061},"size":17.721960067749025,"orthographic":false}