{"cameraMode":{"drawMode":0,"name":"Shaded","section":"Shading Mode"},"sceneLighting":true,"audioPlay":false,"sceneViewState":{"m_AlwaysRefresh":false,"showFog":true,"showSkybox":true,"showFlares":true,"showImageEffects":true,"showParticleSystems":true,"showVisualEffectGraphs":true,"m_FxEnabled":true},"in2DMode":false,"pivot":{"x":-135.18173217773438,"y":4.887946128845215,"z":-32.94781494140625},"rotation":{"x":-0.044754885137081149,"y":-0.5681443214416504,"z":0.031241847202181817,"w":-0.8212908506393433},"size":13.637125015258789,"orthographic":false}