{"cameraMode":{"drawMode":0,"name":"Shaded","section":"Shading Mode"},"sceneLighting":false,"audioPlay":false,"sceneViewState":{"m_AlwaysRefresh":false,"showFog":true,"showSkybox":false,"showFlares":true,"showImageEffects":true,"showParticleSystems":true,"showVisualEffectGraphs":true,"m_FxEnabled":true},"in2DMode":false,"pivot":{"x":-0.00018691085278987885,"y":1.4274812936782838,"z":-0.2910993993282318},"rotation":{"x":0.0015194814186543227,"y":0.9938185811042786,"z":-0.11016544699668884,"w":0.013711989857256413},"size":0.5210200548171997,"orthographic":false}