{"cameraMode":{"drawMode":0,"name":"Shaded","section":"Shading Mode"},"sceneLighting":true,"audioPlay":false,"sceneViewState":{"m_AlwaysRefresh":false,"showFog":true,"showSkybox":true,"showFlares":true,"showImageEffects":true,"showParticleSystems":true,"showVisualEffectGraphs":true,"m_FxEnabled":true},"in2DMode":false,"pivot":{"x":-186.9331817626953,"y":5.160822868347168,"z":-146.10597229003907},"rotation":{"x":0.0012833866057917476,"y":0.9855270981788635,"z":-0.16990596055984498,"w":0.013077128678560257},"size":36.043609619140628,"orthographic":false}